year,ISO_code,Country,ECONOMIC FREEDOM,rank,quartile,1a_government_consumption,1b_transfers,1c_gov_enterprises,1d_top_marg_tax_rate,1_size_government,2a_judicial_independence,2b_impartial_courts,2c_protection_property_rights,2d_military_interference,2e_integrity_legal_system,2f_legal_enforcement_contracts,2g_restrictions_sale_real_property,2h_reliability_police,2i_business_costs_crime,2j_gender_adjustment,2_property_rights,3a_money_growth,3b_std_inflation,3c_inflation,3d_freedom_own_foreign_currency,3_sound_money,4a_tariffs,4b_regulatory_trade_barriers,4c_black_market,4d_control_movement_capital_ppl,4_trade,5a_credit_market_reg,5b_labor_market_reg,5c_business_reg,5_regulation
2015,ALB,Albania,7.53,34,1,8.185294118,7.509902296,8,8,7.923799103,2.746046899,2.97014404,4.228486942,8.333333333,4.166666667,4.387444055,6.386673239,6.719298363,6.278342661,0.948717949,5.003488819,9.292549966,9.427512888,9.622438094,10,9.585625237,8.872444444,7.422175186,10,6.155187344,8.112451744,7.543,6.830576453,6.733388164,7.035654872
2015,DZA,Algeria,4.83,156,4,1.611764706,7.817129014,0,4.5,3.48222343,4.072191392,4.156907806,4.388349541,4.166666667,5,4.507538039,6.626692153,6.08695666,5.999988958,0.820512821,4.551817203,7.025469628,6.342685256,9.043004607,5,6.852789873,6.836266667,2.143694508,5.563909774,1.489856898,4.008431962,5.190333333,4.941934815,5.662040431,5.264769527
2015,AGO,Angola,5.44,148,4,6.235294118,8.886739306,0,9.5,6.155508356,1.843129164,1.974565724,2.512364187,3.333333333,4.166666667,2.302200397,5.423011165,3.016103987,4.291196631,0.846153846,2.960263718,9.052059273,5.545665113,7.944134656,5,6.88546476,6.9648,1.566369167,10,2.044822683,5.143997963,8.731571831,4.560324821,4.904853431,6.065583361
2015,ARG,Argentina,4.98,153,4,5.285294118,6.048930423,6,4,5.333556135,3.030578338,2.894794941,3.655030465,7.5,3.333333333,4.123465983,6.857195103,3.280141751,4.152791353,0.769230769,3.81636162,5.179317925,5.918005001,4.724,10,6.455330731,5.820711111,4.59670072,0,4.505738092,3.730787481,6.762,4.965897521,4.920120936,5.549339485
2015,ARM,Armenia,7.59,29,1,7.535294118,7.748532262,8,5,7.070956595,3.604283587,4.040783122,5.482346623,5.833333333,5,5.196692523,9.80196309,5.675675869,7.365155344,1,5.777803721,9.53589504,9.134324075,9.254682794,10,9.481225478,8.760977778,7.303879447,10,6.905620724,8.242619487,8.995666667,6.32367193,6.775412079,7.364916892
2015,AUS,Australia,8,8,1,4.708823529,6.664947872,10,5,6.59344285,8.729690834,5.94367355,8.090725441,10,9.166666667,6.163151928,8.205654997,8.764045238,6.889687178,1,7.994810648,8.823098382,8.919129002,9.698326656,10,9.36013851,9.024444444,7.462165481,10,3.916359833,7.60074244,9.583666667,7.657235129,8.128532984,8.45647826
2015,AUT,Austria,7.64,27,1,3.694117647,3.10106205,10,3.5,5.073794924,7.290996561,6.187249637,8.194186049,10,10,6.220992578,8.10049394,8.634920915,7.511032535,1,8.015541357,8.759314604,9.886400243,9.820686767,10,9.616600404,8.360586579,8.181185675,10,5.946016104,8.12194709,9.126666667,5.552088659,7.485377573,7.388044299
2015,AZE,Azerbaijan,6.38,115,3,6.379411765,7.881207817,0,6.5,5.190154896,4.435002936,5.021871156,5.404651509,5,5.833333333,7.252962408,9.773614234,5.454725663,7.579224851,0.717948718,5.321383003,9.700889863,5.364751543,9.165606855,5,7.307812065,7.896044444,6.613404013,10,3.902949237,7.103099424,7.572666667,6.396694666,6.96178148,6.977047604
2015,BHS,Bahamas,7.35,50,2,7.167647059,9.040503457,7,10,8.302037629,,6.6,,10,7.5,4.699256582,6.149350211,,,0.945945946,6.80080997,8.685871083,8.805351204,9.626,0,6.779305572,3.376933333,8.105924622,10,5.384615385,6.716868335,8.622733199,8.361606213,7.523034376,8.169124596
2015,BHR,Bahrain,7.37,48,2,3.487887387,9.581704339,4,10,6.767397932,6.822563237,6.23140069,7.435712795,5,7.5,4.785814418,8.855314534,7.764705817,7.287250156,0.536585366,5.265601604,9.961595769,7.133846848,9.632801261,10,9.182060969,8.610933333,6.295594508,10,4.794819166,7.425336752,8.425,8.217012812,8.060501012,8.234171275
2015,BGD,Bangladesh,6.33,117,3,9.723529412,9.724590355,7,9,8.862029942,3.175273527,3.043030783,4.73456947,4.166666667,3.333333333,0.941148344,3.087607391,3.477366368,4.298547449,0.794871795,3.01713395,9.826859697,9.529689589,8.761143954,0,7.02942331,6.636755556,3.035673925,10,4.291019623,5.990862276,7.877333333,7.261758671,5.046516275,6.728536093
2015,BRD,Barbados,6.5,107,3,7.647058824,5.968941943,6,6,6.404000192,6.43016363,4.110034171,6.498498057,9.8,,3.803003329,6.174797134,7.495681957,4.895975012,0.871794872,5.756723061,7.851123006,9.273955245,9.787756706,0,6.728208739,7.282577778,5.661880367,10,5.415144845,7.089900747,6.286333333,7.139466704,6.163273776,6.529691271
2015,BLR,Belarus,,,,,,,,,,,,,,,,,,,,,,,,,,,,,,,,,
2015,BEL,Belgium,7.43,43,2,2.405882353,2.010415679,10,1,3.854074508,7.88354695,5.901105294,7.886131474,10,8.333333333,5.565037753,4.767009987,8.133333524,6.821897258,1,7.254599508,8.997155302,9.771930225,9.887881204,10,9.664241683,8.360586579,8.29003763,10,6.389735551,8.26008994,9.605,7.239068985,7.450335117,8.098134701
2015,BLZ,Belize,6.81,85,3,6.570588235,8.431259972,4,9,7.000462052,8.027163908,4.3,7.385106292,6.4,,3.329065561,7.288231811,3.329,4.767009987,0.837837838,5.148883909,8.223353188,9.53561198,9.82294369,0,6.895477214,6.7444,6.87319263,10,4.709434454,7.081756771,9.947941843,7.018916776,6.733783599,7.900214073
2015,BEN,Benin,5.78,134,4,5.917647059,9.771474636,4,3.5,5.797280424,3.934192598,3.905482113,4.738601724,6.3,,1.068746974,3.951912272,5.126262506,5.51865677,0.658536585,3.580765453,8.960045627,8.843996413,9.935920256,0,6.934990574,6.807733333,4.410590991,10,2.481356924,5.924920312,8.425,5.732431221,5.871925967,6.676452396
2015,BTN,Bhutan,7.11,70,2,4.747058824,9.899419951,8,8.5,7.786619694,6.362658389,5.66813362,6.230340745,9.2,,7.365354835,6.901202527,7.581121127,7.763226348,0.923076923,6.859619903,9.909581959,9.109634236,9.095658291,0,7.028718621,6.518444444,7.246264197,10,1.304097192,6.267201458,7.637,8.689332202,6.565231898,7.630521367
2015,BOL,Bolivia,6.05,126,4,5.838235294,8.836512262,0,10,6.168686889,0.956256059,1.703646022,3.41251835,5,4.166666667,3.993334023,6.75412581,2.460317612,5.990888701,0.871794872,3.581133884,8.502350799,7.218714069,9.187807255,10,8.727218031,7.766244428,3.405275424,10,6.21796113,6.847370246,7.630666667,3.948479495,3.272567362,4.950571175
2015,BIH,Bosnia and Herzegovina,6.63,96,3,5.488235294,5.352167397,4,6.5,5.335100673,3.182647375,2.765796522,3.568755684,5.1,,3.79305681,7.837119866,4.924924771,5.064245907,0.871794872,4.23921142,9.341706259,9.678614879,9.83,5,8.462580284,8.572,7.261743696,10,5.276531358,7.777568764,9.543333333,7.130142248,5.264323963,7.312599848
2015,BWA,Botswana,7.35,50,2,3.429411765,7.164032698,4,9,5.898361116,6.106442475,5.880076104,6.712916092,8.333333333,5.833333333,3.336071251,8.09678184,6.403508981,5.501300864,0.974358974,6.164800355,8.06421763,8.887385147,9.387928592,10,9.084882842,5.923733333,7.612207929,10,7.351869362,7.721952656,9.194,7.519522367,6.92470059,7.879407652
2015,BRA,Brazil,5.75,140,4,4.823529412,5.786374387,4,6,5.15247595,4.61221637,2.901949104,5.215888328,6.666666667,3.333333333,3.742242077,8.387559107,4.037940502,2.766374195,0.923076923,4.45130018,9.059565855,9.609112844,8.194552045,5,7.965807686,7.221777778,5.142934516,10,5.240169707,6.9012205,5.234333333,4.175877434,3.481097944,4.297102904
2015,BRN,Brunei Darussalam,6.77,88,3,0,,,10,5,5.098039309,3.491732876,5.450450579,8.333333333,8.333333333,4.171103526,4.802773258,6.147185961,6.712962786,0.794871795,5.239122575,9.68667102,4.418614195,9.91522,10,8.505126304,9.244,3.580227602,10,5.127264468,6.987873018,8.302,8.694083757,7.425236928,8.140440228
2015,BGR,Bulgaria,7.4,46,2,5.732352941,5.846511721,8,8.5,7.019716166,3.370651799,3.612746527,4.47645594,8.333333333,5,4.767973315,8.838845799,4.210526148,4.999986712,0.846153846,4.883130213,8.304471673,9.13676476,9.979025533,10,9.355065492,8.360586579,7.621462643,10,6.55229601,8.133586308,9.593333333,7.044541271,6.113452746,7.583775783
2015,BFA,Burkina Faso,6.03,127,4,3.75,10,2,6.5,5.5625,1.853980189,3.594626659,4.163926422,3.333333333,5,2.139195153,4.756345117,5.077216989,4.677293378,0.871794872,3.597581138,8.994412679,9.032752909,9.809001337,0,6.959041731,7.396622222,4.538208791,10,4.510638729,6.611367436,9.342313616,7.158336143,5.748128428,7.416259395
2015,BDI,Burundi,5.87,131,4,5.970588235,10,2,6.5,6.117647059,1.208295064,3.100412634,2.934256803,1.7,,2.65461566,8.513441578,2.003361677,3.888661056,0.902439024,3.09182541,8.868192914,8.355545588,8.889159166,5,7.778224417,6.897955556,2.540152439,10,4.979361279,6.104367318,5,7.890803447,5.889087565,6.259963671
2015,KHM,Cambodia,7.2,64,2,9.832352941,9.712056102,2,10,7.886102261,2.968510907,3.01074111,4.735173552,6,,1.824541681,7.52818438,3.359788259,5.41300942,1,4.354993664,7.769421998,9.656484459,9.755745988,10,9.295413111,7.446933333,4.670165506,10,7.125336174,7.310608753,10,6.54007023,4.931165098,7.157078443
2015,CMR,Cameroon,5.79,133,4,7.411764706,9.567100156,8,4.5,7.369716215,3.363429612,4.226160245,5.131341755,5,3.333333333,2.168525641,3.374665576,5.561403433,4.824923821,0.585365854,3.257379298,9.351748714,9.570885343,9.462803446,0,7.096359376,5.495733333,1.958209044,10,2.392876223,4.96170465,6.804666667,7.303590737,4.731482789,6.279913398
2015,CAN,Canada,7.91,12,1,3.847058824,7.172715823,8,4,5.754943662,8.543687479,6.508702596,8.171232886,10,9.166666667,3.645024073,8.669157746,8.778626124,7.173023481,1,7.850680117,9.099447051,9.45564392,9.774951728,10,9.582510675,6.943111111,7.820906489,10,6.73102881,7.873761603,9.725333333,8.141954878,7.636812402,8.501366871
2015,CPV,Cape Verde,6.67,92,3,5.170946632,9.359980869,0,6,5.132731875,5.521049698,3.861753295,5.418030103,8.4,,6.058581633,8.828180929,5.443038146,5.087904274,1,6.07731726,9.292517217,9.166674118,9.973484056,5,8.358168847,6.697777778,5.212269452,10,6.28376466,7.048452973,9.238,4.419229215,6.491032736,6.716087317
2015,CAF,Central Afr. Rep.,4.63,158,4,9.676470588,9.58009584,4,3,6.564141607,,2.5,,0.8,,0.508171469,4.933862454,,,0.692307692,1.849276407,8.555232804,8.242215211,2.57156,0,4.842252004,4.490222222,2.637307488,10,1.488297438,4.653956787,7.861666667,3.251725385,4.654312618,5.255901557
2015,TCD,Chad,5.23,152,4,9.835294118,9.918256131,7,1,6.938387562,2.004248019,3.094967001,3.344730781,3.7,,2.223210769,4.960929713,3.120915095,3.328550849,0.717948718,2.76778205,8.855373236,7.286450433,9.268,0,6.352455917,6.3126,2.105721637,10,2.202487222,5.155202215,5.858333333,5.361164672,3.623745933,4.947747979
2015,CHL,Chile,7.79,14,1,6.705882353,7.891641773,10,7,7.899381032,6.382704823,4.788119457,7.124244061,7.5,7.5,5.109379145,9.066918247,8.189508915,5.367161414,0.902439024,6.450117633,8.745285856,9.365169916,9.130226543,10,9.310170579,9.468444444,6.867622073,10,6.517620549,8.213421767,8.950666667,5.161183974,7.166623354,7.092824665
2015,CHN,China,6.39,113,3,3.947058824,8.294277929,2,6,5.060334188,5.269586555,4.969095778,5.868727647,5,5.833333333,6.067809479,8.513846662,6.153484186,6.494319145,0.871794872,5.633083765,9.668458526,8.744705138,9.711488923,5,8.281163147,8.105822222,6.063676733,10,2.36096784,6.632616699,7.134666667,5.599601733,6.251617167,6.328628522
2015,COL,Colombia,6.55,103,3,5.038235294,7.840214037,10,4.5,6.844612333,3.21225645,3.178814113,5.182705161,3.333333333,3.333333333,2.217134643,9.040189726,3.985042572,2.999791093,0.871794872,3.793774688,8.957453776,9.148102487,8.998993869,5,8.026137533,8.027866667,4.421660021,9.53442623,5.675940611,6.914973382,8.806333333,5.980383083,6.724540683,7.170419033
2015,COD,"Congo, Dem. R.",5.78,134,4,7.488235294,8.850408719,8,4,7.084661003,2.003546158,3.265770872,4.565217495,2.5,1.666666667,0.970058556,5.388254322,4.444444577,5.319148699,0.585365854,2.653119211,9.295714082,7.795625816,9.48,5,7.892834974,7.750755556,1.605263154,10,2.43707819,5.448274225,6.333333333,5.815789474,5.254001212,5.80104134
2015,COG,"Congo, Rep. Of",4.81,157,4,5.576470588,9.898215245,0,3,4.618671458,,3.7,,5,3.333333333,3.011738204,4.917393719,,,0.707317073,3.408225775,9.893404395,4.107529717,9.0972,0,5.774533528,7.296488889,0,10,1.543610258,4.710024787,6.05223256,5.657673442,4.901083301,5.536996435
2015,CRI,Costa Rica,7.51,36,1,5.391176471,8.50132522,10,6.5,7.598125423,6.962389601,4.298527453,6.008954561,10,5,3.523501568,8.523296281,5.790598392,5.369773557,0.871794872,5.76898009,9.410246699,9.786615516,9.840663004,10,9.759381305,8.001155556,6.07009314,10,7.896979841,7.992057134,6.709333333,6.194095396,6.395913008,6.433113912
2015,CIV,Cote d'Ivoire,5.93,129,4,7.170588235,9.958248538,4,2,5.782209193,4.291210609,4.837725315,5.402195014,3.333333333,4.166666667,3.974267539,6.934817472,5.083333651,4.630969013,0.923076923,4.557106689,8.909033937,9.347679748,9.752511348,0,7.002306258,6.185511111,2.929833805,10,3.216520705,5.582966405,8.693333333,5.741889621,5.697520385,6.710914446
2015,HRV,Croatia,7.04,73,2,4.438235294,4.297314868,8,2,4.68388754,3.541369929,2.13799665,4.681171465,8.333333333,7.5,5.139086793,7.184691089,6.448412736,7.628286005,0.948717949,5.693974997,7.628320518,9.591485047,9.907100199,10,9.281726441,8.629288889,8.332987579,10,5.749774894,8.17801284,9.406666667,6.4458253,6.199017948,7.350503305
2015,CYP,Cyprus,7.69,22,1,6.338235294,6.235337445,10,6.5,7.268393185,6.100780953,3.776272009,5.443843233,8.333333333,8.333333333,4.003515462,6.411309995,5.755208333,7.20717173,0.897435897,5.836172166,9.747104113,9.417311242,9.580600462,10,9.686253954,8.360586579,7.746910291,10,6.771918264,8.219853784,9.455333333,6.047535689,6.813516303,7.438795108
2015,CZE,Czech Rep.,7.49,37,1,3.126470588,3.353893802,8,6.5,5.245091097,5.71271546,3.467737299,5.856587657,10,8.333333333,3.85475774,8.155976401,5.911949476,7.112138141,0.923076923,6.239871315,8.851518651,9.51924138,9.931043512,10,9.575450886,8.360586579,8.288858842,10,6.188277279,8.209430675,9.770333333,8.361823444,6.42571,8.185955592
2015,DNK,Denmark,7.75,16,1,1.402941176,4.53071545,8,2.5,4.108414157,8.616286568,6.100836522,7.960530965,10,10,6.18505645,9.727176308,8.286163807,7.345798611,1,8.246872137,8.790115297,9.737814698,9.909593169,10,9.609380791,8.360586579,7.953199218,10,7.349012803,8.41569965,9.752666667,7.389169237,7.914660642,8.352165515
2015,DOM,Dominican Rep.,7.24,61,2,7.814705882,9.585596595,6,8,7.850075619,2.497543413,2.856078433,5.037881173,5,3.333333333,4.173605074,7.999044982,2.264957428,3.464285571,1,4.069636601,9.19085204,9.009654182,9.832650731,10,9.508289238,8.618844444,7.25257536,10,6.858357096,8.182444225,8,6.233447422,5.603052369,6.612166597
2015,ECU,Ecuador,6.09,124,4,6.211764706,9.591280654,2,5.5,5.82576134,1.531141114,2.479120419,4.382351031,2.5,4.166666667,4.380510817,8.591535377,4.855072498,4.551830227,0.871794872,3.893149081,9.360712359,8.826497783,9.205956168,5,8.098291578,6.305777778,4.214037466,10,5.608336293,6.532037884,8.503333333,5.052599545,4.70267146,6.086201446
2015,EGY,Egypt,5.77,138,4,8.067647059,7.070287241,2,7,6.034483575,5.911318115,4.035330321,4.90322096,1.666666667,5,3.408055189,8.701690132,3.890328827,3.19538785,0.538461538,3.479657954,7.693458483,9.497748735,7.92850207,10,8.779927322,4.973333333,3.52780312,9.182630907,4.700580771,5.596087033,4,5.008250225,5.907023983,4.971758069
2015,SLV,El Salvador,7.14,69,2,8.338235294,9.472089148,8,8,8.452581111,3.738130076,2.727632123,4.681659812,4.166666667,2.5,3.833383955,8.165020936,2.118055423,1.32670406,1,3.695250339,9.413547444,9.071876878,9.853873266,10,9.584824397,8.186666667,6.502024978,10,5.951699184,7.660097707,8.323666667,4.735400439,5.916627165,6.325231424
2015,EST,Estonia,7.93,10,1,3.511764706,6.061366019,7,7,5.893282681,7.85616258,5.716304294,7.572090529,8.333333333,6.666666667,5.930983003,9.504907725,8.449612459,7.556614777,1,7.509630596,8.506209755,9.542467824,9.908646669,10,9.489331062,8.904586579,8.252210387,10,6.997276302,8.538518317,10,6.294456744,8.293945499,8.196134081
2015,ETH,Ethiopia,5.55,147,4,8.382352941,9.105664995,4,5,6.622004484,4.749940391,4.724080214,5.046143248,1.666666667,7.5,5.546758592,7.012101103,4.79919672,5.157668371,0.794871795,4.607092409,8.793816837,5.197265051,7.973177071,0,5.49106474,5.232266667,3.046479116,10,1.60826699,4.971753193,5.358333333,7.221986163,5.547688737,6.042669411
2015,FJI,Fiji,6.82,84,3,4.297058824,9.462710641,6,5,6.189942366,,4.8,,7.9,,5.10906166,7.709818901,,,0.918918919,6.121082837,6.990157126,8.659083566,9.725835345,0,6.343769009,5.161111111,6.42368605,10,5,6.64619929,9.635183017,9.009969773,7.817625833,8.820926208
2015,FIN,Finland,7.71,20,1,2.764705882,3.245496168,8,2.5,4.127550513,9.571012014,7.922024996,9.117325408,10,10,6.654143475,8.080379451,9.645389716,8.943212886,1,8.881498661,8.740463109,9.717995338,9.958567126,10,9.604256393,8.599266667,8.233814764,10,6.127553211,8.24015866,9.411333333,5.181915002,8.431846023,7.675031453
2015,FRA,France,7.35,50,2,2.858823529,2.418467067,8,3.5,4.194322649,7.117322569,6.149563446,7.416049321,9.166666667,8.333333333,6.430501438,6.390856768,7.930402756,6.326594974,0.948717949,7.065324981,9.245753597,9.825038153,9.992439253,10,9.765807751,8.599266667,7.68671339,10,6.706257958,8.248059503,9.430666667,5.704394879,7.347625446,7.494228997
2015,GAB,Gabon,5.78,134,4,3.764705882,9.809264305,8,3.5,6.268492547,3.433124849,3.636299365,5.147555158,3.333333333,5,2.915889045,4.601910547,4.898989995,5.933838061,0.804878049,3.900636296,9.580032766,6.206199271,9.9404,0,6.431658009,6.283,3.698870375,10,2.785869131,5.691934877,7.776,7.450682561,4.618013151,6.614898571
2015,GMB,"Gambia, The",7.22,63,2,8.323529412,9.57951005,4,8,7.475759865,4.179591124,4.85454355,5.363159297,3.333333333,5.833333333,5.094458646,6.254444922,6.549019814,7.120527761,0.948717949,5.259634324,8.892237362,9.218675489,8.6384,10,9.187328213,6.476933333,5.008558347,10,8.029849074,7.378835189,6.333333333,8.09073926,5.921389913,6.781820836
2015,GEO,Georgia,7.98,9,1,5.658823529,6.882547545,8,10,7.635342769,5.04900416,4.744157956,6.29102223,5.3,,6.499992719,9.981100763,7.185184956,7.494759352,1,6.568152767,8.306716038,8.455309155,9.199284359,10,8.990327388,9.309555556,8.025555423,10,7.321564251,8.664168807,9.821666667,6.450825927,7.854025162,8.042172585
2015,DEU,Germany,7.67,24,1,3.979411765,3.064661083,10,5,5.511018212,7.626332953,6.804542594,8.021471272,10,8.333333333,5.828996821,6.814874361,7.238562107,6.340189278,1,7.445366969,8.84914879,9.796551541,9.953114011,10,9.649703585,8.360586579,7.55607131,10,5.76568087,7.92058469,8.333333333,7.183723746,8.0220649,7.846373993
2015,GHA,Ghana,6.52,105,3,5.229411765,9.63760218,6,7,6.966753486,5.98678112,5.044727623,5.4453125,5,4.166666667,3.716264023,8.736181591,6.144781113,5.340530336,0.975609756,5.44184396,6.792861611,9.104642943,6.57098526,5,6.867122454,7.289555556,4.521190088,10,4.246812336,6.514389495,7.385,6.639128645,6.404481817,6.809536821
2015,GRC,Greece,6.45,111,3,5.194117647,3.856036481,4,2.5,3.887538532,4.87567361,2.9686882,5.100465783,8.333333333,7.5,4.125037966,8.044201311,6.213991642,6.657296299,1,5.979854238,9.29755766,9.432885176,9.652819527,5,8.345815591,8.360586579,7.668826871,10,4.514682726,7.636024044,7.905,4.85299145,6.43609571,6.398029053
2015,GTM,Guatemala,7.69,22,1,8.567647059,9.878645923,10,9.5,9.486573245,3.892135344,3.400157266,5.54280065,6.666666667,5,3.389826813,8.330186722,2.886178891,2.297686775,0.948717949,4.482661786,9.422506546,9.573758149,9.522255934,10,9.629630157,8.600088889,6.338129278,10,7.949160557,8.221844681,9.586333333,4.05529021,6.304723717,6.64878242
2015,GIN,Guinea,5.74,141,4,9.194117647,,6,4,6.398039216,1.718736903,2.250727557,2.707965318,0.833333333,4.166666667,5.386550715,6.374388033,3.394412048,4.3487106,0.717948718,2.976011266,9.983002326,7.770724123,8.36962,5,7.780836612,7.4058,3.389766067,6.584022039,2.430524469,4.952528144,10,4.791176846,5.034413523,6.608530123
2015,GNB,Guinea-Bissau,5.58,146,4,7.182352941,,0,8.5,5.22745098,,3.3,,3.333333333,4.166666667,3.480968692,7.228227083,,,0.794871795,3.860624883,8.067517596,7.808698696,9.719078225,0,6.398823629,7.4534,5.621913234,10,1.158994874,6.058577027,8.503899046,3.462646795,7.03842483,6.334990223
2015,GUY,Guyana,6.52,105,3,6.617647059,,8,6,6.87254902,3.858248442,4.11958665,4.534600612,6.666666667,2.5,4.554788309,7.070485497,2.98569714,4.381482472,0.923076923,4.345251687,9.859327405,8.368376752,9.8086,5,8.259076039,6.4684,3.838338956,10,5.344559395,6.412824588,6.333333333,7.88433426,5.973944889,6.730537494
2015,HTI,Haiti,6.54,104,3,8.752941176,9.916893733,4,8,7.667458727,2.752065502,2.436454485,2.614759499,0,2.5,3.881900279,2.699021339,3.357061773,3.270367638,0.897435897,2.478433986,8.444652431,9.407640542,8.196696237,5,7.762247303,8.3584,6.135182161,10,6.633879114,7.781865319,8.24,8.101145435,4.70326313,7.014802855
2015,HND,Honduras,7.35,50,2,7.138235294,10,10,9,9.034558824,3.902559243,4.509699928,5.241755039,4.166666667,2.5,2.861203918,7.710562723,3.654580146,2.816240922,0.923076923,3.991802199,9.234136196,8.828810779,9.368433764,10,9.357845185,8.408977778,5.355627541,10,5.912875082,7.4193701,9.415333333,5.183167474,6.247832949,6.948777919
2015,HKG,Hong Kong,8.97,1,1,8.026470588,9.436171854,7,10,8.61566061,8.858734652,7.963357914,8.675646694,8.333333333,8.333333333,6.463383613,6.949194442,8.685418996,8.469070728,1,8.081274856,8.974180196,9.658616639,9.400998336,10,9.508448793,9.997777778,8.389591351,10,8.520978956,9.227087021,10,9.331723598,8.894683875,9.408802491
2015,HUN,Hungary,7.19,65,2,3.270588235,5.29140008,4,6.5,4.765497079,3.570654812,3.058389941,3.117309385,10,6.666666667,6.576328444,8.025707157,5.544871489,7.785865561,1,6.038421495,8.262655762,9.718109707,9.985943505,10,9.491677243,8.360586579,7.319333723,10,5.955644098,7.9088911,9.725,7.18135995,6.26259925,7.7229864
2015,ISL,Iceland,7.25,59,2,2.305882353,7.957880124,8,3.5,5.440940619,7.846820747,7.040047101,8.048759546,10,10,6.775094571,8.750492215,9.012345473,8.576845364,1,8.450045002,9.613030809,9.395090975,9.673743017,0,7.1704662,7.264,7.10995354,10,4.2193901,7.14833591,8.333333333,7.704275878,8.060434799,8.032681337
2015,IND,India,6.61,98,3,7.317647059,8.977771391,7,8,7.823854613,5.514435254,5.857644216,4.902953005,6.666666667,7.5,2.593854408,6.584439158,6.226054033,5.601002391,0.783783784,5.09835622,9.77804308,8.796238409,8.825514681,5,8.099949043,6.255911111,3.915820039,10,2.063445767,5.55879423,6.586,6.461594908,6.339489214,6.462361374
2015,IDN,Indonesia,7,75,2,7.470588235,9.120230308,7,7.5,7.772704636,5.121916127,4.893803499,5.59301049,4.166666667,4.166666667,1.914978802,5.93207953,5.529411634,4.894431405,0.926829268,4.518732007,9.399968827,9.319185598,8.727375774,10,9.36163255,8.072311111,4.667601679,10,5.217813027,6.989431454,8.073666667,4.560802505,6.39502224,6.343163804
2015,IRN,Iran,5.4,149,4,5.838235294,7.989100817,6,10,7.456834028,4.19126778,3.743238445,4.757041383,7.5,6.666666667,5.625799005,7.899555098,5.499002139,5.629288059,0.585365854,4.536952314,,,,10,,4.066666667,2.651873727,10,1.416421864,4.533740564,4.675666667,4.96686933,5.581816727,5.074784241
2015,IRQ,Iraq,,,,,,,,,,,,,,,,,,,,6.304900363,4.383300444,7.258840049,,,,,,,,,,,
2015,IRL,Ireland,8.25,5,1,3.823529412,7.013149827,10,4.5,6.33416981,8.985318448,6.328374219,8.649646971,10,10,3.931480739,8.582895926,8.513513406,6.992016663,1,7.998138486,8.966415517,9.232100002,9.941080196,10,9.534898929,8.360586579,8.234138709,10,8.457363652,8.763022235,9.142,8.132487257,8.578503721,8.617663659
2015,ISR,Israel,7.47,38,1,3.188235294,6.733057856,10,5,6.230323288,8.520297029,5.723570607,7.300061197,4.166666667,8.333333333,3.462740316,5.740858494,6.798245907,6.595645262,0.948717949,6.132119415,8.537725604,9.557762053,9.873375541,10,9.4922158,8.244666667,6.632352321,10,7.572351753,8.112342685,9.571333333,5.383097931,7.198991962,7.384474409
2015,ITA,Italy,7.31,55,2,4.797058824,3.456202044,10,3.5,5.438315217,4.715953952,2.256357837,4.99201509,10,6.666666667,3.596415071,8.251282756,5.527777672,4.976763206,1,5.664803584,9.140785299,9.830635893,9.99224265,10,9.740915961,8.360586579,8.073359609,10,6.593150379,8.256774142,9.535666667,6.766443798,6.105087922,7.469066129
2015,JAM,Jamaica,7.25,59,2,7.482352941,8.377776974,7,7,7.465032479,6.474387651,4.049434865,6.180556832,10,4.166666667,3.548887988,6.4384436,4.646464586,2.20179914,0.945945946,5.157474738,5.879647956,9.595066177,9.264565789,10,8.68481998,5.772888889,6.178636216,10,6.206531234,7.039514085,9.56,7.85661196,6.316743078,7.911118346
2015,JPN,Japan,7.46,41,2,4.167647059,4.070482659,7,3,4.55953243,8.469138599,6.565291981,8.619151206,8.333333333,8.333333333,6.329708858,7.847784736,8.545197646,7.193052227,0.948717949,7.603896561,9.376703986,9.296115395,9.842723956,10,9.628885834,7.710222222,7.055965835,10,4.951273303,7.42936534,8.310666667,8.150385958,7.762819438,8.074624021
2015,JOR,Jordan,7.47,38,1,6.226470588,7.799966129,8,7.5,7.381609179,6.581923814,5.446774969,6.666271446,7.5,6.666666667,3.376286714,6.644714877,8.316326141,6.435919584,0.487804878,4.763858993,9.464703037,9.342706219,9.825420481,10,9.658207434,7.051111111,6.154960702,10,7.313665419,7.629934308,8.831666667,7.901246024,6.983113866,7.905342185
2015,KAZ,Kazakhstan,7.26,58,2,6.529411765,8.551374301,6,9,7.520196516,4.896886636,4.810388355,5.60852918,8.333333333,5.833333333,6.339410345,9.900981545,5.134680271,7.017318521,0.743589744,5.606111942,9.544034909,7.578801188,8.6708,10,8.948409024,7.190044444,5.278760163,10,3.060478068,6.382320669,8.598333333,7.528168394,7.3317393,7.819413676
2015,KEN,Kenya,7.11,70,2,7.264705882,9.814190784,6,8,7.769724167,5.07301886,4.769662269,5.598135955,6.666666667,3.333333333,4.420377014,6.842007966,4.77477471,2.936187275,0.923076923,4.745102997,8.787496101,8.927727189,8.683517817,10,9.099685277,6.789288889,5.255272476,10,4.492008707,6.634142518,8.041333333,7.767618559,6.077231724,7.295394539
2015,KOR,"Korea, South",7.55,32,1,4.9,7.035129654,10,5.5,6.858782414,4.816287835,4.703484943,6.447045445,6.666666667,8.333333333,7.507404125,8.219626884,7.166666985,6.516184211,0.923076923,6.450502182,9.064741614,9.726257595,9.858767425,10,9.662441658,5.604444444,7.401149667,10,7.185180117,7.547693557,9.316333333,4.742597834,7.557840334,7.205590501
2015,KWT,Kuwait,6.59,101,3,0.944117647,6.896331062,7,10,6.210112177,6.220339498,5.466284903,5.725799883,8.333333333,6.666666667,5.068858974,8.909581744,6.779661179,7.227682437,0.487179487,4.990165384,8.805697799,2.171442927,9.345659504,10,7.580700058,8.858133333,4.014899115,10,4.170386445,6.760854723,10,6.685031445,5.481586614,7.388872686
2015,KGZ,Kyrgyz Republic,6.81,85,3,6.894117647,7.149458315,6,8.5,7.135893991,3.818901211,3.437378283,4.221141537,4,,4.518921969,9.868110421,3.716666698,4.971311867,0.743589744,4.201226563,9.100023213,6.742980257,8.699336322,10,8.635584948,8.106222222,6.457498225,10,4.880455744,7.361044048,8.360333333,5.912861366,5.909997707,6.727730802
2015,LAO,Laos,6.97,76,2,6.617647059,9.8369215,,9,8.484856186,4.668706039,4.894406684,4.597787815,7.6,,5.205943175,8.669629176,5.723270575,6.485043027,1,5.980598311,6.102189957,8.534338022,9.744754459,5,7.345320609,7.722888889,3.588005141,10,5.646291445,6.739296369,8.2695,4.923505882,5.749146631,6.314050838
2015,LVA,Latvia,7.72,18,1,5.052941176,7.019054772,7,6.5,6.392998987,4.960635332,3.218312161,5.688981636,8.333333333,8.333333333,5.526466726,9.030740107,5.306513309,7.192019779,1,6.398926191,8.749972723,9.173240999,9.959677419,10,9.470722785,8.360586579,7.89522127,10,7.129942957,8.346437702,9.086666667,7.635974368,7.322167749,8.014936261
2015,LBN,Lebanon,7.01,74,2,8.005882353,8.126968409,10,9,8.78321269,3.395819421,3.363848095,5.486658792,3.333333333,6.666666667,3.159425561,7.418029625,4.177489281,4.816033387,0.743589744,4.050679036,9.861679815,9.164750234,9.2502216,10,9.569162912,7.973511111,4.249367317,10,5.348798163,6.892919148,5,7.120080418,5.090877407,5.736985942
2015,LSO,Lesotho,6.49,109,3,2.452941176,8.893185364,0,8,4.836531635,5.886194856,4.287372905,5.362980615,6,,3.927906162,6.491900642,7.825202942,8.954417483,0.891891892,5.762699818,8.658780769,8.614766843,9.364909081,5,7.909614173,4.690666667,7.003636386,10,4.168719618,6.465755668,9.666666667,6.636998438,6.076664925,7.46011001
2015,LBR,Liberia,6.87,80,3,8.820588235,8.644688792,,8,8.488425676,4.662218041,4.606316081,5.312304325,5,5.3,2.873356168,4.895187466,4.292929173,5.141498933,1,4.67597891,9.409295599,8.622528595,8.4436,10,9.118856048,7.138311111,2.230105627,10,5.039013846,6.101857646,4.5,6.748390183,6.626897135,5.958429106
2015,LBY,Libya,4.89,155,4,0,,,9.5,4.75,3.39827703,2.332075241,3.278082175,5,6.666666667,3.623947547,,1.672883951,2.451828377,0.804878049,3.206338892,7.466312203,0.936985929,8.04,10,6.610824533,,4.882104635,7.372262774,2.036957142,4.76377485,6.666666667,5.755065999,2.95632253,5.126018399
2015,LTU,Lithuania,7.86,13,1,5.358823529,6.365568148,10,7,7.181097919,5.231773216,3.962638962,5.61966789,8.333333333,6.666666667,6.242192341,9.670883679,6.19834741,6.878485162,1,6.533776518,8.696691673,9.115376816,9.824196094,10,9.409066146,8.3604,7.592621976,10,6.838297968,8.197829986,9.859,6.568843785,7.579377573,8.002407119
2015,LUX,Luxembourg,7.64,27,1,1.3,3.87154227,7,4.5,4.167885568,8.642077767,7.361817211,8.872098907,10,10,7.456058655,6.17918671,8.735632102,7.958410118,1,8.356142386,8.551120607,9.36883145,9.905097241,10,9.456262324,8.3604,8.211964252,10,6.646774893,8.304784786,9.333333333,6.349719672,8.008284087,7.897112364
2015,MKD,Macedonia,7.16,66,2,6.002941176,4.554430961,6,8.5,6.264343034,3.456874322,3.741427866,5.11683583,5.8,,3.936617186,8.381146916,6.626016299,5.695883666,0.897435897,5.070281017,8.995969049,9.322099014,9.939744188,5,8.314453063,8.218266667,7.690579357,10,5.892386011,7.950308009,9.591333333,7.242333276,7.817691795,8.217119468
2015,MDG,Madagascar,6.31,119,3,8.235294118,9.907356948,6,8.5,8.160662766,2.567173847,2.700787929,3.63276932,1.666666667,4.166666667,2.958421922,5.085932868,3.191057046,4.404624398,0.707317073,2.881012258,9.12549847,9.547696209,8.519199594,5,8.048098568,6.850711111,4.293854106,10,5.291936294,6.609125378,7.507,4.491144748,5.625586625,5.874577124
2015,MWI,Malawi,5.76,139,4,7.35,9.382328203,2,6,6.183082051,5.232281087,3.663867032,4.990943468,5.833333333,4.166666667,2.332018505,8.13714351,4.619882902,3.769035208,0.945945946,4.621099644,7.616662024,6.492797502,5.750815532,5,6.215068765,7.051644444,5.357473159,6.639712489,4.953091089,6.000480295,4.666666667,6.99351398,5.715386992,5.79185588
2015,MYS,Malaysia,7.15,67,2,6.020588235,8.171940514,4,9,6.798132187,6.013960322,6.668872118,7.151716391,8.333333333,6.666666667,4.995259717,8.636691706,7.316666444,6.411666512,0.666666667,5.758780853,9.41748006,9.056212199,9.57912204,0,7.013203575,7.111066667,7.043382694,10,5.872094733,7.506636023,9.639666667,8.046605947,8.273259651,8.653177422
2015,MLI,Mali,5.82,132,4,6.911764706,9.847864404,0,3,4.939907278,4.464864796,4.307449311,4.572899417,4.166666667,5,2.632466106,5.573129513,4.298245509,4.337325096,0.658536585,3.626025957,9.215206629,9.033883681,9.712852832,0,6.990485785,7.409955556,4.855399243,10,5.004416567,6.817442842,9.006333333,5.037383606,6.098674368,6.714130436
2015,MLT,Malta,7.72,18,1,3.917647059,6.54294124,6,7,5.865147075,6.080435258,4.441153123,6.694605349,10,8.333333333,4.477411336,5.278909734,6.643835704,7.373858284,1,6.59150468,8.952889087,9.8817976,9.780013682,10,9.653675092,8.3604,7.983801674,10,7.187842545,8.383011055,9.841666667,7.897261635,6.552776462,8.097234921
2015,MRT,Mauritania,5.7,143,4,3.497058824,,7,5,5.165686275,3.072877295,2.269607703,2.908518342,4.6,,6.266496842,7.561865671,1.888889074,4.037850068,0.609756098,3.280492271,9.283909104,6.758427088,9.9032,5,7.736384048,7.384,3.901979044,10,2.51928113,5.951315043,8.287333333,6.26033383,4.557632474,6.368433212
2015,MUS,Mauritius,8.02,6,1,6.864705882,8.361441248,6,9,7.556536783,6.650488409,5.882786724,6.594903877,8.8,,5.034199013,6.25107156,6.25,6.989476933,0.974358974,6.472556637,9.093630831,9.524126356,9.742690058,10,9.590111811,9.424444444,6.999823106,10,7.024819176,8.362271681,9.441666667,7.38409009,7.599243274,8.141666677
2015,MEX,Mexico,6.88,79,2,7.223529412,6.277929155,8,8,7.375364642,3.503567694,3.209447867,5.133174886,5,2.5,5.891853871,7.495043668,2.517006795,2.752370395,1,4.22249613,8.74873287,9.396310578,9.455871747,5,8.150228799,7.698977778,7.082718381,10,5.30855133,7.522561872,9.317,5.636287696,6.39898161,7.117423102
2015,MDA,Moldova,6.57,102,3,6.194117647,6.524017532,6,7,6.429533795,1.65528137,1.944128264,3.566070868,6.666666667,6.666666667,4.318054344,9.60021408,3.679999908,6.40937082,0.717948718,4.24776688,8.905900014,9.204670995,8.064278107,5,7.793712279,8.6656,7.073383528,10,4.014195635,7.438294791,9.416666667,5.427487101,5.933552772,6.92590218
2015,MNG,Mongolia,7.38,47,2,6.282352941,7.628006602,10,9,8.227589886,3.6455955,3.964898038,4.634621883,8.333333333,6.666666667,5.786717868,9.111264408,5.250000159,6.923933431,0.871794872,5.648352256,9.320234617,8.001602715,8.844810098,10,9.041661857,9.106666667,3.910738652,10,4.415490931,6.858224062,8.0895,6.928497019,6.413034671,7.14367723
2015,MNE,Montenegro,6.74,90,3,5.929411765,,2,7,4.976470588,4.25544511,4.013954759,4.814326993,6.7,,4.795719043,7.676947777,4.526515007,5.639266456,0.820512821,4.826882108,9.145718486,9.768398153,9.690261684,5,8.40109458,8.226666667,7.581753233,10,6.740881555,8.137325364,8.332666667,7.030732815,6.676232976,7.346544153
2015,MAR,Morocco,6.36,116,3,4.426470588,7.294093257,8,4,5.930140961,4.508836652,4.278171468,6.108557288,6.666666667,7.5,5.089874603,7.644820475,7.996633053,7.334768713,0.756097561,5.573495504,9.949685646,9.534683054,9.688418577,0,7.293196819,6.783111111,5.697045354,10,4.897330052,6.844371629,7.218666667,4.406210626,6.795812853,6.140230049
2015,MOZ,Mozambique,5.63,145,4,3.429411765,9.022195761,6,6,6.112901881,3.245786538,3.025307596,4.402187238,6.666666667,5,0,7.468989819,2.916666667,3.904132267,0.948717949,3.96561253,7.546001622,8.727103464,9.289848065,0,6.390738288,7.9436,5.516640578,10,2.220560615,6.420200298,6.666666667,3.171715942,5.871093167,5.236491925
2015,MMR,Myanmar,5.32,151,4,2.891176471,,7,9,6.297058824,2.696954403,2.733533833,3.409609506,2.5,5,1.870795505,6.717137503,3.095484076,3.939206292,0.926829268,3.421483697,7.780655994,9.576853394,7.839313432,0,6.299205705,5.397333333,2.917753287,10,1.540364186,4.963862702,5.891333333,5.591607049,5.351822712,5.611587698
2015,NAM,Namibia,6.61,98,3,3.791176471,6.844743494,6,6,5.658979991,6.965990677,5.926712003,7.065214858,10,8.333333333,4.822626662,4.481024576,5.735930602,5.269777689,1,6.511178933,8.988546192,8.25079974,9.318845338,0,6.639547818,5.624444444,5.658683793,10,4.271419531,6.388636942,9.000666667,8.141456651,6.361462755,7.834528691
2015,NPL,Nepal,6.5,107,3,8.155882353,9.362132443,8,7,8.129503699,5.217656596,3.538971734,5.124292329,3.8,,3.371598438,8.327689874,4.666666587,5.124281633,0.837837838,4.499389677,8.024423757,9.159048809,8.426218209,0,6.402422694,6.259244444,6.152250113,10,4.622339732,6.758458572,8.333333333,5.753633087,6.018609301,6.701858574
2015,NLD,Netherlands,7.73,17,1,1.111764706,3.514908674,8,3,3.906668345,8.970237933,7.484375338,8.641074023,10,10,5.138718524,7.947613359,8.719806671,7.009039721,1,8.212318396,9.336906175,9.783976317,9.879950371,10,9.750208216,8.3604,8.201941134,10,7.890327297,8.613167108,9.108666667,7.330916939,8.118374876,8.185986161
2015,NZL,New Zealand,8.48,3,1,4.542005333,6.286828584,8,7,6.457208479,9.466203615,7.623663159,8.58496708,10,9.166666667,7.18406154,9.948229639,9.35185194,7.329859547,1,8.739500354,8.85966944,9.21794416,9.954032595,10,9.507911549,9.146666667,7.961236585,10,7.184420419,8.573080918,10,8.822825287,8.52206004,9.114961776
2015,NIC,Nicaragua,7.27,57,2,9.138235294,10,7,6,8.034558824,1.131150802,2.429279798,3.743634277,4.166666667,5.833333333,5.143385132,7.298086514,4.498421223,6.789682547,0.951219512,4.448091089,7.341825932,9.048737441,9.200179635,10,8.897685752,8.4644,5.650321627,10,7.133768431,7.812122515,9.418333333,6.461241,5.547543987,7.142372773
2015,NER,Niger,5.74,141,4,5.885294118,9.839237057,4,5,6.181132794,,4.5,,3.333333333,3.333333333,3.161241355,6.380125552,,,0.648648649,3.414027157,8.057856972,9.265203583,9.798622983,0,6.780420884,6.134238742,4.371021307,10,1.435558977,5.485204757,9.421754239,4.261926378,6.860156683,6.847945767
2015,NGA,Nigeria,6.39,113,3,9.697058824,9.867493736,2,7,7.14113814,4.69113865,3.69864114,4.991267181,3.333333333,3.333333333,3.116641187,5.233145079,3.317610025,3.480132541,0.846153846,3.609768459,9.192074254,9.368716437,8.196463242,5,7.939313483,7.2896,3.173618626,8.446115288,4.801251658,5.927646393,8.898,8.924035208,4.102984018,7.308339742
2015,NOR,Norway,7.65,25,1,1.423529412,4.954059491,7,4.5,4.469397226,9.287559297,7.521424201,8.62226707,10,10,7.752899898,9.121524194,9.13793087,8.037261239,1,8.831207419,9.764042201,8.727608375,9.565270336,10,9.514230228,6.193333333,7.96303402,10,6.461681689,7.654512261,10,5.232641635,8.134576714,7.789072783
2015,OMN,Oman,6.64,95,3,0,8.134859664,0,10,4.533714916,6.091322633,5.576374065,7.414800677,8.333333333,8.333333333,5.137575707,8.711478488,8.759259383,8.800880734,0.609756098,6.006032048,8.630732241,4.751543304,9.986941973,10,8.342304379,8.078888889,6.541303081,10,5.978900058,7.649773007,6.666666667,5.985778319,7.339519694,6.663988226
2015,PAK,Pakistan,5.92,130,4,8.223529412,9.219277683,6,8,7.860701774,4.281959043,3.285636691,4.140213086,2.5,5,3.754394327,5.562326345,3.520114819,3.097958161,0.692307692,3.304005361,8.290938322,7.747024352,9.492096818,0,6.382514873,7.146311111,3.870510707,10,2.066268666,5.770772621,8.092666667,4.926560025,5.817375674,6.278867455
2015,PAN,Panama,7.57,30,1,6.579411765,8.555858311,8,6.5,7.408817519,3.107651273,3.402290697,6.517225432,8.333333333,5,2.985719478,8.785860187,6.144067446,5.861082911,0.948717949,5.427962304,9.725460043,7.713059569,9.974894771,10,9.353353596,7.895848317,7.639302182,10,9.305096948,8.710061862,9.109666667,5.080735708,6.70173863,6.964047002
2015,PNG,Pap. New Guinea,6.17,122,4,3.629888255,7.25613079,8,5,5.971504761,4.269308436,4,4.115102361,7.5,5,1.010607601,6.929956467,3.069189181,3.043415102,0.897435897,4.104531135,9.594021124,7.614224166,8.79796,0,6.501551322,7.254311111,4.595100978,10,6.93327224,7.195671082,7.769371049,7.804548479,5.722583009,7.098834179
2015,PRY,Paraguay,6.91,78,2,7.155882353,8.850240164,8,8.5,8.126530629,1.917887253,2.287887372,4.613206319,2.5,3.333333333,4.074723631,8.506083724,2.974683444,4.588048904,1,3.866205998,8.844863152,8.676477152,9.374199451,10,9.223884939,7.948533333,5.662301511,10,5.621490123,7.308081242,8.116666667,4.247323896,5.739047848,6.034346137
2015,PER,Peru,7.47,38,1,6.817647059,9.659719031,7,5.5,7.244341522,3.550332595,2.665707943,5.009106292,7.5,5,5.084941294,8.792407873,2.596899271,3.013202573,1,4.80139976,9.507671038,9.461860803,9.288920751,10,9.564613148,9.173955556,5.649556686,10,8.077222382,8.225183656,9.321,6.904387395,6.376413718,7.533933704
2015,PHL,Philippines,7.43,43,2,7.961764706,9.185286104,10,7,8.536762702,4.602041495,3.452439817,5.195815487,5,4.166666667,3.116401178,7.925068367,4.083333413,4.529257069,0.897435897,4.434837234,8.772201339,9.29110523,9.713261649,10,9.444142054,8.3812,5.40981992,10,5.441241119,7.30806526,9.332,6.784629988,6.19925199,7.438627326
2015,POL,Poland,7.36,49,2,4.844117647,5.609294392,7,5.5,5.73835301,4.588303088,3.729140284,5.38775003,10,7.5,4.123415198,9.277711792,5.146341324,6.710500091,0.846153846,5.791093519,9.207020785,9.474462017,9.801739927,10,9.620805682,8.3604,7.948301486,10,5.494241883,7.950735842,8.843333333,7.727969879,6.512236231,7.694513148
2015,PRT,Portugal,7.55,32,1,5.414705882,4.719198936,10,2.5,5.658476204,6.166737161,3.139729164,5.813640697,10,8.333333333,5.503705092,7.58150873,7.852713267,8.171872474,1,6.951471102,9.217343728,9.588301234,9.902545615,10,9.677047644,8.598177778,8.674181022,10,6.409750713,8.420527378,8.061666667,5.874749476,7.252318213,7.062911452
2015,QAT,Qatar,7.43,43,2,0,9.613647987,,10,6.537882662,7.646949274,7.36549018,7.938229455,6.666666667,8.333333333,4.85642951,9.655696541,8.79032294,8.947046262,0.615384615,6.300014733,9.338519265,4.520923609,9.623282134,10,8.370681252,8.530311111,6.854250873,10,4.866612368,7.562793588,10,6.50962124,8.565772507,8.358464582
2015,ROU,Romania,7.7,21,1,6.467647059,7.025733572,7,7,6.873345158,4.874044261,3.152580106,4.915986947,8.333333333,5.833333333,4.849985116,9.14292028,5.323129495,7.09903894,1,5.947150201,8.704467081,9.009324744,9.881336257,10,9.398782021,8.3604,8.087308897,10,7.461856913,8.477391452,9.800333333,7.272794358,6.313349634,7.795492442
2015,RUS,Russia,6.65,93,3,4.402941176,5.2292964,10,7.5,6.783059394,3.935148475,3.719747167,4.137979453,6.666666667,5,6.922299313,9.65076919,4.16303283,5.825813153,0.743589744,4.845383226,8.812080306,8.359112954,6.894934334,10,8.516531898,6.479644444,5.286336506,10,4.660590565,6.606642879,7.834,5.693274711,6.001660948,6.50964522
2015,RWA,Rwanda,7.56,31,1,7.188235294,9.45915826,0,6.5,5.786848388,7.475123299,7.193740785,7.842556768,6.1,,3.73125763,9.740338026,9.072463512,8.880176439,0.951219512,7.32142152,9.038228559,9.012915893,9.496382459,10,9.386881728,7.019466667,5.140854726,10,5.774149005,6.983617599,8.160666667,8.592108892,8.255656664,8.336144074
2015,SAU,Saudi Arabia,6.24,121,4,0,,,10,5,7.179337776,5.942938918,7.136555245,8.333333333,8.333333333,4.460255988,9.943302288,8.074073792,7.907779135,0.414634146,5.290017302,9.043082171,4.720254565,9.563072586,10,8.33160233,7.9702,3.735359662,10,2.176339306,5.970474742,5.171,7.329122418,7.255661458,6.585261292
2015,SEN,Senegal,6.15,123,4,6.573529412,9.730965269,6,5,6.82612367,4.411790606,5.470820953,5.292784668,4.166666667,5,2.788290415,5.305299518,6.786941687,6.104362268,0.682926829,4.237886203,8.905303797,9.380043765,9.970978508,0,7.064081518,7.285511111,5.346382288,10,3.764575889,6.599117322,9.099,3.592250767,5.388505183,6.026585317
2015,SRB,Serbia,6.76,89,3,6.517647059,3.689298472,8,7.5,6.426736383,2.984977365,2.84651353,3.654882272,6.666666667,5.833333333,3.199945732,8.682724548,4.545454582,5.618686954,1,4.892576109,7.980421544,8.680717297,9.721528356,5,7.845666799,8.315022222,7.388016303,10,4.569123973,7.568040625,8.052666667,6.875706052,6.240450892,7.056274537
2015,SYC,Seychelles,7.33,54,2,1.629411765,7.307387881,8,10,6.734199911,5.197458798,4.482801894,5.252647057,8.2,,4.064276714,7.075346502,5.19739749,5.270841579,0.974358974,5.520896302,8.528974123,9.584547208,9.1916819,10,9.326300808,8.172355556,5.511021837,9.026217228,7.963464225,7.668264711,8,7.173564164,7.013886416,7.39581686
2015,SLE,Sierra Leone,5.78,134,4,9.088235294,10,4,6.5,7.397058824,2.857661007,3.181647484,4.147474538,4.166666667,5.833333333,4.183306561,5.424432461,4.175438484,4.691128939,0.846153846,3.965239946,8.043899453,6.827616534,8.403569335,5,7.068771331,7.908,2.844197493,10,2.532936717,5.821283552,3.333333333,5.247460535,5.390780132,4.657191333
2015,SGP,Singapore,8.84,2,1,5.173529412,8.854173721,8,10,8.006925783,7.637824053,7.944701343,8.85014064,8.333333333,8.333333333,7.661021481,8.961690843,9.244604111,8.583335149,0.974358974,8.286821638,9.838383924,9.625363288,9.891666667,10,9.83885347,9.986666667,8.542249897,10,8.469574792,9.249622839,10,7.205215845,9.258680658,8.821298834
2015,SVK,Slovak Rep,7.24,61,2,4.070588235,4.809322327,6,5.5,5.09497764,3.037011538,2.059751625,5.288428411,10,6.666666667,3.32861739,9.688162581,4.308176041,6.36820121,1,5.638335051,9.33924154,9.666182729,9.934956045,10,9.735095078,8.3604,7.853762387,10,7.000763092,8.30373137,9.256,7.043050714,6.015379026,7.438143247
2015,SVN,Slovenia,7.08,72,2,4.188235294,4.98651143,7,2,4.543686681,4.546901363,3.566920687,5.586832659,9.166666667,7.5,4.228332095,8.40706527,7.489712238,7.920005813,0.948717949,6.323853556,9.295205443,9.879037833,9.896374775,10,9.767654513,8.3604,8.002489202,10,5.128231287,7.872780122,7.927666667,6.012097675,6.788362335,6.909375559
2015,ZAF,South Africa,6.84,82,3,4.252941176,7.990042722,8,4,6.060745975,8.034971362,7.42463452,7.390775958,8.333333333,3.333333333,3.925506183,7.165725505,3.863636255,2.394078108,1,5.762888284,8.786819147,9.536009362,9.082345792,5,8.101293575,7.349688889,4.918504612,10,5.216712824,6.871226581,10,6.169831485,6.03279732,7.400876268
2015,ESP,Spain,7.53,34,1,4.379411765,4.560500555,10,4,5.73497808,5.008669216,4.189327678,6.092062111,8.333333333,8.333333333,5.496974993,7.758620984,8.649122715,7.368616978,1,6.803340149,9.367740696,9.78319919,9.899761896,10,9.762675446,8.3604,7.893756041,10,5.794359402,8.012128861,8.978666667,6.251012762,6.784251389,7.337976939
2015,LKA,Sri Lanka,6.63,96,3,8.414705882,9.091303543,7,8.5,8.251502356,5.654882391,5.035094549,5.592580636,5,5.833333333,3.614643447,7.359711578,5.350000064,6.650833488,0.897435897,5.280256242,9.066783458,8.628601985,9.815595608,0,6.877745263,6.0488,5.516190083,10,1.950419863,5.878852487,7.541333333,6.394250191,6.67917592,6.871586481
2015,SDN,Sudan,,,,,,,,,,,,,,,,,,,,,,,,,,,,,,,,,
2015,SUR,Suriname,6.85,81,3,1.732352941,8.584782918,10,5,6.329283965,4.231635431,5.1,5.564618707,5,5,2.745757539,3.493336875,8.009479538,7.078947226,0.974358974,5.070129201,9.61505847,7.214717429,8.62003907,10,8.862453742,7.479288889,6.6960796,10,4.643449254,7.204704436,7.988666667,7.288025439,5.001935179,6.759542428
2015,SWZ,Swaziland,6.44,112,3,5.308823529,9.875389038,0,7,5.546053142,3.10436513,3.864230514,5.855555534,5.1,,1.591293744,7.269266228,5.9526745,6.109002789,0.692307692,4.108752623,8.573461868,9.172703611,9.01,5,7.93904137,4.64,7.866116142,10,5.336093978,6.96055253,8.776,7.714038867,6.385445383,7.625161417
2015,SWE,Sweden,7.65,25,1,1.020588235,4.641235241,8,1,3.665455869,9.111156195,7.460412037,8.872760241,9.166666667,10,6.198300732,8.454247017,7.86163489,8.012150525,1,8.348592034,9.030865414,9.828933347,9.990643051,10,9.712610453,8.3604,8.496920014,10,6.244973745,8.27557344,9.902666667,6.7498593,8.080447789,8.244324585
2015,CHE,Switzerland,8.37,4,1,6.388235294,6.302265359,10,7,7.422625163,9.132183124,8.004069989,9.152544895,10,8.333333333,5.841066506,9.598998829,9.268292586,7.853049492,1,8.575948751,9.617803019,9.831811543,9.771216986,10,9.805207887,6.188888889,7.863679475,10,6.126286995,7.54471384,9.309666667,7.877945248,8.268634725,8.485415547
2015,SYR,Syria,4.96,154,4,6.821880154,8.967029973,2,7,6.197227532,3.10436513,3,5.855555534,3.333333333,7.5,3.219695307,4.0928366,5.9526745,6.109002789,0.463414634,3.42824904,9.478306481,0,0,10,4.86957662,5.231555556,4.031754591,8.585209003,1.801775551,4.912573675,5.585418752,5.663473068,4.929027529,5.392639783
2015,TWN,Taiwan,7.76,15,1,5.626470588,9.271895807,8,6,7.224591599,5.644359625,4.379548806,7.670196007,6.666666667,8.333333333,5.545583995,7.886393379,7.425474326,7.44508544,1,6.77740462,9.49079931,9.107891105,9.94,10,9.634672604,7.437408625,7.104040301,10,5.535241963,7.519172722,9.085666667,5.911924229,7.989091298,7.662227398
2015,TJK,Tajikistan,6.65,93,3,7.232352941,9.063487738,0,8.5,6.19896017,5.740432139,5.425497358,5.756878805,4,,5.674560361,8.413207872,6.370370388,6.462453713,0.717948718,5.137031799,9.710741699,7.805832792,8.857088101,10,9.093415648,8.502755556,4.329736688,10,2.609283255,6.360443874,7.823666667,5.475993874,6.104035721,6.467898754
2015,TZA,Tanzania,6.92,77,2,6.332352941,9.982403261,7,6,7.328689051,4.820207663,4.746475915,4.897309573,6.666666667,8.333333333,5.71449012,7.287421644,5.448029041,5.347774063,0.918918919,5.678049954,9.385306507,8.968022326,8.882432528,5,8.05894034,7.026,2.979684181,10,5.124021145,6.282426331,9.455333333,6.627549748,5.73817261,7.27368523
2015,THA,Thailand,6.8,87,3,4.394117647,9.223523916,6,7,6.654410391,5.038190512,4.625848953,5.008113964,3.333333333,4.166666667,5.963763608,7.454141419,6.013513406,4.949201062,0.846153846,4.774643377,9.603731799,9.392108123,9.820995711,5,8.454208908,6.952444444,6.69404523,10,4.634994588,7.070371065,9.333333333,4.700706402,7.178443389,7.070827708
2015,TLS,Timor-Leste,6.6,100,3,0,7.477157104,7,10,6.119289276,3.850188266,3.216529876,2.997392829,5.7,,0,,4.292972477,4.733810622,1,3.541556296,8.253625996,7.272890838,9.873143316,10,8.849915038,9.622222222,4.667024356,,6.901727163,7.063657914,9.5,6.690521099,6.018857205,7.403126101
2015,TGO,Togo,5.69,144,4,6.923529412,8.447262339,2,7,6.092697938,,4.1,,4.166666667,5,3.900700062,1.975856617,,,0.926829268,3.688572303,9.470967875,8.924391646,9.6420271,0,7.009346655,7.278844444,3.292319818,10,1.214307694,5.446367989,7.63015091,4.168392051,6.857091312,6.218544758
2015,TTO,Trinidad & Tob.,6.48,110,3,5.876470588,8.418998307,0,7,5.323867224,5.32537146,3.343023503,5.122270337,8.333333333,3.333333333,2.964498047,6.243780052,2.92753617,2.420945591,0.974358974,4.389010072,8.093869531,5.857648364,9.068365765,10,8.254970915,7.550755556,6.306462855,10,7.405043105,7.815565379,6,7.621641652,6.187667511,6.603103055
2015,TUN,Tunisia,6.33,117,3,5.411764706,6.411152109,7,5.5,6.080729204,4.713658464,4.334959168,5.868897437,6.666666667,8.333333333,4.881959393,7.25779119,5.494505564,5.10486594,0.804878049,5.279933807,9.538561695,9.666121005,9.028563544,0,7.058311561,6.965777778,5.862618877,9.243353783,5.172074995,6.810956358,7.209666667,5.376736418,6.653778816,6.413393967
2015,TUR,Turkey,6.84,82,3,6.267647059,6.385131632,7,7,6.663194673,3.437319568,3.177842367,5.590815636,3.333333333,5,4.580553111,8.552860388,5.576922894,5.755081301,0.897435897,4.7440882,8.286272189,9.558567062,8.46582927,10,9.07766713,6.022933333,7.400738015,10,5.519882147,7.235888374,8.118666667,4.50502936,6.840021011,6.487905679
2015,UGA,Uganda,7.3,56,2,8.591176471,10,8,4,7.647794118,4.257376747,4.373647675,5.394652449,3.333333333,5.833333333,4.869959497,8.351582808,4.982455969,4.390947487,0.923076923,4.891804412,9.052663719,6.389185467,8.954914552,10,8.599190934,6.948355556,4.340207025,10,8.489827828,7.444597602,9.111,8.582217484,6.094104659,7.929107381
2015,UKR,Ukraine,5.4,149,4,5.229411765,4.869888838,10,6.5,6.649825151,2.103663069,2.737059329,3.375205092,8.333333333,6.666666667,4.8026205,8.940766187,4.21383659,4.138819676,0.717948718,4.324646752,8.06388382,4.693604099,0.255144033,0,3.253157988,8.595333333,4.249618208,10,3.192050018,6.50925039,7.074666667,5.381367401,6.378131979,6.278055349
2015,ARE,Unit. Arab Em.,7.45,42,2,6.102941176,8.816880935,2,10,6.729955528,7.855984582,6.870227284,7.902159344,8.333333333,6.666666667,5.51280339,9.905908896,9.036668749,9.057614072,0.512195122,5.976645951,8.395136763,6.087340309,9.1864,10,8.417219268,8.738177778,7.873362305,10,6.269037363,8.220144361,7.747666667,6.967151514,9.039692793,7.918170325
2015,GBR,United Kingdom,8.01,7,1,5.111764706,5.445781185,8,4,5.639386473,8.835478814,7.514916358,8.800588471,10,8.333333333,4.503798331,8.015852455,8.428571224,6.86100485,1,7.921504871,9.696575001,9.681135398,9.989995832,10,9.841926558,8.3604,7.929843812,10,7.384613909,8.41871443,8.182666667,8.396084947,8.162909798,8.247220471
2015,USA,United States,7.93,10,1,6.617647059,5.990628844,8,5,6.402068976,7.114924825,6.563272869,7.687730094,6.666666667,8.333333333,5.446118366,8.923824621,8.290322622,6.010562939,1,7.22630626,9.201298775,9.866631821,9.976274573,10,9.761051292,8.377333333,8.0656666,10,3.700796164,7.535949024,9.338333333,9.136189419,7.665443124,8.713321959
2015,URY,Uruguay,7.15,67,2,6.694117647,5.899395252,7,8,6.898378225,7.699694972,4.862176958,6.950943249,5.833333333,4.166666667,3.591065372,6.451671664,5.397727489,4.560828594,1,5.501567589,8.377445295,9.671337094,8.266746026,10,9.078882104,7.720444444,5.800536524,10,7.830199084,7.837795013,7.22,5.631288897,6.440236833,6.430508577
2015,VEN,Venezuela,2.96,159,4,6.985294118,5.773841962,0,7,4.93978402,0.188571065,0.72931244,1.080327626,0.833333333,1.666666667,3.212148767,8.12971931,1.542288462,1.038382446,1,2.046750013,2.76840426,0,0,5,1.942101065,7.573022222,1.999863828,0,3.722060945,3.323736749,3.333333333,2.099009336,2.26086067,2.564401113
2015,VNM,Vietnam,6.3,120,4,9.258823529,,,6,7.629411765,4.186773719,4.155994516,4.959259481,5,6.666666667,5.687988778,8.716067102,5.266666412,6.124109745,0.780487805,5.021324429,8.124387858,6.711464262,9.873877579,0,6.177432425,6.525866667,5.241947893,10,2.306590146,6.018601176,8.8725,5.307752141,5.736610305,6.638954149
2015,YEM,"Yemen, Rep.",6.07,125,4,8.264705882,9.02039596,2,9,7.071275461,2.142577963,2.705432392,3.35226355,4.166666667,3.333333333,3.78080299,9.049234261,2.030167504,2.746946105,0.634146341,3.023844796,9.906749916,7.144045216,5.218,10,8.067198783,8.43,5.100042347,10,3.601606159,6.782912126,5,6.581544826,4.701190295,5.427578374
2015,ZMB,Zambia,6.74,90,3,5.123529412,10,4,5.5,6.155882353,4.958075755,4.774845615,5.798246014,8.333333333,6.666666667,3.508418602,5.895293064,4.004629453,6.163927122,1,5.567048403,8.085987046,8.797893332,7.979861029,10,8.715935352,5.394933333,3.232574412,10,8.831994119,6.864875466,7.468666667,5.653156317,6.12245169,6.414758225
2015,ZWE,Zimbabwe,6.01,128,4,5.6,10,8,4,6.9,3.192210178,3.414215555,2.636666536,3.333333333,5,2.374700829,6.821422047,4.166666667,6.309295177,0.846153846,3.820360033,9.369522372,8.830929798,9.520258008,5,8.180177544,4.945511111,3.659045384,10,4.11431804,5.679718634,6,6.04838601,4.299266672,5.449217561
